{
    "score": 2.1250483989715576,
    "accuracy": 0.686274528503418
}