{
    "score": 29.428422927856445,
    "accuracy": 0.5686274766921997
}