{
    "score": 55.4589729309082,
    "accuracy": 0.5686274766921997
}