{
    "score": 10.315001487731934,
    "accuracy": 0.5686274766921997
}