{
    "score": 7.481260299682617,
    "accuracy": 0.4313725531101227
}